{
    "name": "Die",
    "roles": [
        "Die"
    ],
    "lookups": [
        "free-text",
        "keywords"
    ],
    "keywords": [
        {
            "keyword": "Day",
            "synonyms": [
                "day"
            ]
        },
        {
            "keyword": "Die",
            "synonyms": [
                "die"
            ]
        },
        {
            "keyword": "Dye",
            "synonyms": [
                "Dye"
            ]
        },
        {
            "keyword": "Eye",
            "synonyms": [
                "eye"
            ]
        },
        {
            "keyword": "Hey",
            "synonyms": [
                "hey"
            ]
        },
        {
            "keyword": "Hi",
            "synonyms": [
                "Hi"
            ]
        },
        {
            "keyword": "High",
            "synonyms": [
                "High"
            ]
        }
    ]
}
