{
    "name": "Eat",
    "roles": [
        "Eat"
    ],
    "lookups": [
        "free-text",
        "keywords"
    ],
    "keywords": [
        {
            "keyword": "Eat",
            "synonyms": [
                "eat"
            ]
        },
        {
            "keyword": "Feed",
            "synonyms": [
                "feed"
            ]
        },
        {
            "keyword": "Heat",
            "synonyms": [
                "Heat"
            ]
        },
        {
            "keyword": "Here",
            "synonyms": [
                "Here"
            ]
        }
    ]
}
