{
    "name": "Sit",
    "roles": [
        "Sit"
    ],
    "lookups": [
        "free-text",
        "keywords"
    ],
    "keywords": [
        {
            "keyword": "Don't",
            "synonyms": [
                "don't"
            ]
        },
        {
            "keyword": "Down",
            "synonyms": [
                "Down"
            ]
        },
        {
            "keyword": "Set",
            "synonyms": [
                "Set"
            ]
        },
        {
            "keyword": "Shit",
            "synonyms": [
                "Shit"
            ]
        },
        {
            "keyword": "Sit",
            "synonyms": [
                "sit"
            ]
        },
        {
            "keyword": "Sit Down",
            "synonyms": [
                "Sit Down"
            ]
        },
        {
            "keyword": "Six",
            "synonyms": [
                "Six"
            ]
        },
        {
            "keyword": "Skip",
            "synonyms": [
                "Skip"
            ]
        }
    ]
}
