{
    "name": "Stand_Up",
    "roles": [
        "Stand_Up"
    ],
    "lookups": [
        "free-text",
        "keywords"
    ],
    "keywords": [
        {
            "keyword": "Stand",
            "synonyms": [
                "stand"
            ]
        },
        {
            "keyword": "Stand Up",
            "synonyms": [
                "Stand Up"
            ]
        },
        {
            "keyword": "Up",
            "synonyms": [
                "Up"
            ]
        }
    ]
}
