{
    "utterances": [
        {
            "text": "Come on",
            "entities": [],
            "traits": [],
            "intent": "call_pet"
        },
        {
            "text": "Come on Tiger",
            "entities": [
                {
                    "entity": "Calling:Calling",
                    "start": 0,
                    "end": 7,
                    "body": "Come on",
                    "entities": []
                },
                {
                    "entity": "PetName:PetName",
                    "start": 7,
                    "end": 13,
                    "body": " Tiger",
                    "entities": []
                }
            ],
            "traits": [],
            "intent": "call_pet"
        },
        {
            "text": "Come on tiger",
            "entities": [
                {
                    "entity": "Calling:Calling",
                    "start": 0,
                    "end": 7,
                    "body": "Come on",
                    "entities": []
                },
                {
                    "entity": "PetName:PetName",
                    "start": 8,
                    "end": 13,
                    "body": "tiger",
                    "entities": []
                }
            ],
            "traits": [],
            "intent": "call_pet"
        },
        {
            "text": "Come on time",
            "entities": [],
            "traits": []
        },
        {
            "text": "Hello",
            "entities": [],
            "traits": []
        },
        {
            "text": "Hey Facebook",
            "entities": [],
            "traits": []
        },
        {
            "text": "Hey Google",
            "entities": [],
            "traits": []
        },
        {
            "text": "Hey bro",
            "entities": [],
            "traits": []
        },
        {
            "text": "I want a",
            "entities": [],
            "traits": []
        },
        {
            "text": "My name is",
            "entities": [],
            "traits": []
        },
        {
            "text": "No",
            "entities": [],
            "traits": []
        },
        {
            "text": "Set a timer for 5 minutes",
            "entities": [],
            "traits": []
        },
        {
            "text": "Sit",
            "entities": [],
            "traits": [],
            "intent": "sit"
        },
        {
            "text": "Stand",
            "entities": [],
            "traits": [],
            "intent": "stand"
        },
        {
            "text": "Stand Up",
            "entities": [],
            "traits": [],
            "intent": "stand"
        },
        {
            "text": "Thank you",
            "entities": [],
            "traits": []
        },
        {
            "text": "What the",
            "entities": [],
            "traits": []
        },
        {
            "text": "What the forecast",
            "entities": [],
            "traits": []
        },
        {
            "text": "Yeah",
            "entities": [],
            "traits": []
        },
        {
            "text": "Yes",
            "entities": [],
            "traits": []
        },
        {
            "text": "hello",
            "entities": [],
            "traits": []
        },
        {
            "text": "what the fuck",
            "entities": [],
            "traits": []
        },
        {
            "text": "yokkesh",
            "entities": [],
            "traits": []
        }
    ]
}
