{
    "utterances": [
        {
            "text": "Come on Tiger",
            "entities": [
                {
                    "entity": "Calling:Calling",
                    "start": 0,
                    "end": 7,
                    "body": "Come on",
                    "entities": []
                },
                {
                    "entity": "PetName:PetName",
                    "start": 7,
                    "end": 13,
                    "body": " Tiger",
                    "entities": []
                }
            ],
            "traits": [],
            "intent": "call_pet"
        }
    ]
}
