{
    "utterances": [
        {
            "text": "Come on",
            "entities": [],
            "traits": [],
            "intent": "call_pet"
        },
        {
            "text": "Come on Tiger",
            "entities": [
                {
                    "entity": "Calling:Calling",
                    "start": 0,
                    "end": 7,
                    "body": "Come on",
                    "entities": []
                },
                {
                    "entity": "PetName:PetName",
                    "start": 7,
                    "end": 13,
                    "body": " Tiger",
                    "entities": []
                }
            ],
            "traits": [],
            "intent": "call_pet"
        },
        {
            "text": "Come on tiger",
            "entities": [
                {
                    "entity": "Calling:Calling",
                    "start": 0,
                    "end": 7,
                    "body": "Come on",
                    "entities": []
                },
                {
                    "entity": "PetName:PetName",
                    "start": 8,
                    "end": 13,
                    "body": "tiger",
                    "entities": []
                }
            ],
            "traits": [],
            "intent": "call_pet"
        },
        {
            "text": "Come on time",
            "entities": [],
            "traits": []
        },
        {
            "text": "Date",
            "entities": [],
            "traits": [],
            "intent": "die"
        },
        {
            "text": "Day",
            "entities": [
                {
                    "entity": "Die:Die",
                    "start": 0,
                    "end": 3,
                    "body": "Day",
                    "entities": []
                }
            ],
            "traits": [],
            "intent": "die"
        },
        {
            "text": "Die",
            "entities": [
                {
                    "entity": "Die:Die",
                    "start": 0,
                    "end": 3,
                    "body": "Die",
                    "entities": []
                }
            ],
            "traits": [],
            "intent": "die"
        },
        {
            "text": "Don't sit down",
            "entities": [
                {
                    "entity": "Sit:Sit",
                    "start": 0,
                    "end": 5,
                    "body": "Don't",
                    "entities": []
                },
                {
                    "entity": "Sit:Sit",
                    "start": 6,
                    "end": 9,
                    "body": "sit",
                    "entities": []
                }
            ],
            "traits": [],
            "intent": "sit"
        },
        {
            "text": "Down",
            "entities": [],
            "traits": [],
            "intent": "sit"
        },
        {
            "text": "Eat",
            "entities": [
                {
                    "entity": "Eat:Eat",
                    "start": 0,
                    "end": 3,
                    "body": "Eat",
                    "entities": []
                }
            ],
            "traits": [],
            "intent": "eat"
        },
        {
            "text": "Eye",
            "entities": [
                {
                    "entity": "Die:Die",
                    "start": 0,
                    "end": 3,
                    "body": "Eye",
                    "entities": []
                }
            ],
            "traits": [],
            "intent": "die"
        },
        {
            "text": "Feed",
            "entities": [
                {
                    "entity": "Eat:Eat",
                    "start": 0,
                    "end": 4,
                    "body": "Feed",
                    "entities": []
                }
            ],
            "traits": [],
            "intent": "eat"
        },
        {
            "text": "Go on",
            "entities": [],
            "traits": []
        },
        {
            "text": "Hello",
            "entities": [],
            "traits": []
        },
        {
            "text": "Hey",
            "entities": [
                {
                    "entity": "Die:Die",
                    "start": 0,
                    "end": 3,
                    "body": "Hey",
                    "entities": []
                }
            ],
            "traits": [],
            "intent": "die"
        },
        {
            "text": "Hey hey",
            "entities": [],
            "traits": []
        },
        {
            "text": "I want a",
            "entities": [],
            "traits": []
        },
        {
            "text": "My name is",
            "entities": [],
            "traits": []
        },
        {
            "text": "No",
            "entities": [],
            "traits": []
        },
        {
            "text": "Set",
            "entities": [],
            "traits": [],
            "intent": "sit"
        },
        {
            "text": "Set a timer for 5 minutes",
            "entities": [],
            "traits": []
        },
        {
            "text": "Sit",
            "entities": [
                {
                    "entity": "Sit:Sit",
                    "start": 0,
                    "end": 3,
                    "body": "Sit",
                    "entities": []
                }
            ],
            "traits": [],
            "intent": "sit"
        },
        {
            "text": "Six",
            "entities": [],
            "traits": [],
            "intent": "sit"
        },
        {
            "text": "Sleep",
            "entities": [],
            "traits": []
        },
        {
            "text": "Stand",
            "entities": [
                {
                    "entity": "Stand_Up:Stand_Up",
                    "start": 0,
                    "end": 5,
                    "body": "Stand",
                    "entities": []
                }
            ],
            "traits": [],
            "intent": "stand"
        },
        {
            "text": "Stand Up",
            "entities": [],
            "traits": [],
            "intent": "stand"
        },
        {
            "text": "Start",
            "entities": [],
            "traits": []
        },
        {
            "text": "Thank you",
            "entities": [],
            "traits": []
        },
        {
            "text": "Up",
            "entities": [],
            "traits": [],
            "intent": "stand"
        },
        {
            "text": "What the",
            "entities": [],
            "traits": []
        },
        {
            "text": "What the forecast",
            "entities": [],
            "traits": []
        },
        {
            "text": "Yeah",
            "entities": [],
            "traits": []
        },
        {
            "text": "Yes",
            "entities": [],
            "traits": []
        },
        {
            "text": "You",
            "entities": [],
            "traits": []
        },
        {
            "text": "hello",
            "entities": [],
            "traits": []
        },
        {
            "text": "what the fuck",
            "entities": [],
            "traits": []
        },
        {
            "text": "yokkesh",
            "entities": [],
            "traits": []
        }
    ]
}
